X,Y
-11.060283451971967,-2.805514208481797
-8.008442762823663,-3.299943431180362
-6.24623716960399,-4.181231179015926
-10.282093655827264,-1.4253764696058113
-7.8377694009609815,-1.5267182568928095
-7.825974848656228,-2.993488904976058
-9.22063825817122,-3.0502093032873216
-8.759600341937961,-3.2988278437504084
-8.327543215908472,-2.163224882009443
-9.948049823375786,-2.6630480476208147
-8.7991466578197,-3.3388170468235807
-8.024058490924315,-3.0134126386535804
-9.508105565867298,-4.119940538050128
-7.904459361761937,-2.4502080843123695
-9.357203780750824,-2.9058150838533
-9.630616851627664,-2.772186848585874
-7.291379633935837,-3.1110806772327746
-8.06833285963662,-3.1036194165557136
-6.733720890431382,-5.148627018719379
-8.798434089577754,-5.260161800972653
-6.559819068902324,-2.543696417808463
-6.172870578978314,-4.671231377627101
-6.257858106856297,-4.128247866228244
-7.076535135104184,-1.2074898523125497
-7.885031320260612,-2.5438316969998933
-5.846151364628437,-1.8254462510717793
-8.703024396682887,-3.3923290881724903
-7.75929364889852,-5.207358512215869
-7.356923166155469,-4.382348609104966
-8.56725357075166,-2.888406352201608
-10.093723375138591,-3.612650168171279
-9.351009601796925,-0.05182751254779516
-4.885078045072637,-3.0278327424854483
-11.244007789049352,-1.7716907680311798
-9.149467398117693,-1.4755936836838945
-9.131943515013143,-1.6141840155489706
-10.099320736172015,-5.716318073839455
-6.632478182837929,-2.5670361032223576
-8.898469174015023,-0.21631684336458612
-8.464179871512014,-0.17327764297554138
-9.649782009751778,-0.08099189196198076
-4.6128495418486715,-2.4463585863257933
-8.613167227372477,-2.4101285869496483
-6.1844756977939985,-1.2552178184663254
-9.840824875633574,-1.38246163881884
-8.253194155274883,-2.7679389588352383
-8.422208296818338,-2.586665608150205
-8.103305396007489,-2.898201455250575
-5.620226005928613,-1.0397457815027882
-9.692637766678324,-1.823090182632956
-7.220224335006568,-3.7724209961857333
-8.071754300843438,-2.975706497154248
-7.406969681477876,-4.6721858004343515
-8.000719190538948,-2.9930402726624585
-7.773183762757483,-3.318781693600064
-7.995951245796538,-2.8785785423640786
-8.02506084225637,-2.9773687866167604
-9.439020815237795,-3.6900002694850484
-5.950271958690096,-3.5978322464734314
-6.119132273820519,-2.58781156393671
-7.77680556802295,-3.1319548430400483
-7.857160990482446,-2.946210954950361
-8.231272246554404,-1.5142347664350584
-7.982846939274871,-2.7930729596961763
-10.67285266438127,-2.050568080150074
-7.828415675415517,-3.671940407774361
-11.372646732179382,-2.5457793101169472
-8.8725802613447,-4.510053711052828
-8.583324444381955,-2.921229938030154
-6.88477797387314,-4.828816916080171
-8.070640146551328,-2.051668411127031
-10.875754318141626,-4.623875217040924
-5.829960903739074,-4.82863450589521
-8.05136488796495,-3.015068249216887
-7.849074040921125,-3.230924173576677
-7.162406628943479,-3.6281710418897313
-9.31385977117734,-2.806729641370344
-6.606955821050475,-4.916116403680519
-5.728851461903673,-5.3472716066598895
-10.766512159423067,-4.24650258172182
-7.623617351726234,-2.832384544840912
-7.545514413142008,-3.454814046393096
-8.081703366820447,-5.284175216008789
-7.724026436619893,-4.226504426839483
-5.522982016752152,-3.373958800943513
-10.75721928975922,-3.7205418551353806
-7.308972942933308,-1.5133922124807324
-7.386383060257374,-3.211348805265922
-7.6357362428328495,-3.1852762013253058
-9.669561837428242,-3.449177995994304
-8.74941644181776,-6.130288491119261
-10.141475283671607,-3.9730066433421136
-8.861903365904109,-5.2190215505046105
-10.01930414278748,-3.7965164187582348
-11.20308885344443,-3.779664638665084
-10.398176245603548,-2.394457583451788
-9.512850363460853,-1.30030498149717
-7.239836863930222,-3.722495541794308
-7.820165939229466,-1.9034237142154096
-10.105254431592249,-2.318342147459579
-7.105372073650886,-0.7104788725450399
-7.565002815912824,-2.295021388719343
-8.577849931107952,-2.211525218480361
-9.413271476618347,-0.2704199093551627
-7.348460797820164,-6.258274933066538
-10.9135879070135,-3.1614361635920503
-9.390819750648062,-4.226697621162259
-8.669652191966605,-4.004782867649718
-8.872293841843208,-2.0306113887601063
-8.846228389752495,-2.02642869272747
-7.008503814536385,-4.533910463887038
-5.769827733808282,-2.221508739792724
-10.986296112624428,-2.247193027811387
-8.767310398030444,-2.810919805421922
-6.450705806359471,-4.347736971118259
-11.460875334348367,-2.925637063065088
-5.936523983324403,-0.9940345943521693
-8.384812563062894,-6.4778520747514
-8.493460863373048,-1.8107092205617925
-7.8431787019451145,-2.9692025006471865
-6.644265995536612,-5.580545570939389
-6.2952381151123085,-4.271110711328457
-8.956625785572262,-3.9813725247799403
-7.104259334279638,-0.7777406602787931
-8.67706529760049,-4.022629688867918
-8.634562847297234,-2.048636460030467
-9.705998216546606,-1.1429326445296237
-6.865392234118911,-4.0457625716600205
-11.444106201211746,-3.5394393199495435
-8.411763276498231,-2.140348728449642
-9.305895158571579,-0.5469597566580142
-7.65305482571272,-2.516886286120336
-6.815002750809086,-1.9257117128695047
-10.63510215875912,-3.7918164541125483
-8.893275663726753,-2.379162820481657
-7.902254791369499,-3.11757599498123
-8.305834480769178,-0.5885779945052079
-8.008350423375111,-2.996672607718964
-7.095860733922737,-1.0833407946696598
-7.451766377591103,-3.9507906345056547
-7.717998586658522,-1.3527910696913388
-5.140967095966143,-4.724445543049313
-8.193084676953745,-3.3056005254422467
-8.139912213873583,-4.124646535497829
-10.256393817433548,-4.262421883847967
-8.369391900650333,-3.0861512123322004
-8.161444582315243,-1.4027092020920362
-9.795954596032235,-3.0566818149238437
-9.083264282076739,-1.5467597654506755
-7.997793346135369,-2.237204216698718
-9.000267810571481,-0.1318338710203939
-7.9141050328882265,-3.6258870878937124
-5.913902317922346,-5.607784782311615
-8.220441465626898,-1.2621138197108925
-8.895383846359511,-5.57390195855506
-9.405156490207006,-2.587198354079635
-8.025894764445932,-6.469493565966282
-7.0922502000125665,-5.748947542926249
-8.728130780884195,-2.173188307500888
-8.605587191546695,-5.968384758411461
-8.722132143971583,-4.199690539139313
-7.440801357858877,-2.940311294462634
-8.674194907674812,-5.385590384160241
-6.631707520541502,-2.5667521633531933
-7.590143126101843,-5.454300793340276
-10.322240660926562,-1.53504414844503
-8.494309045521058,-2.392004733598939
-8.238898025330272,-2.667110501545778
-7.9884011360803315,-3.044254047160279
-7.60200826477855,-3.582214879247412
-8.629244651384774,-2.3126894848065316
-5.476220864990188,-1.1027934299855244
-9.702324782178163,-4.148638743549261
-8.089153956007655,-2.805862446499088
-8.59604458587949,-3.6511852755234933
-6.96448184991508,-3.158510160390038
-7.633787883186462,-1.5687821182136514
-11.007569795891264,-2.98141448315174
-8.356271557825869,-4.8603599384212135
-8.383019794992686,-0.6281500176121448
-10.458814358786896,-3.864457590977373
-8.027109214727412,-3.0516505949117687
-7.288228664700994,0.30607180985715265
-5.808643544785279,-2.1939634303399775
-7.504645707462915,-3.602352520534338
-7.8071404326054825,-3.0311353240038987
-7.1031449488937,-1.2365343023508717
-7.6121132780037435,-2.642145168559011
-6.906952854983533,-0.8701408122199816
-7.994990271190381,-2.886041605076024
-7.433874568175532,-1.1169391367559645
-7.070762808524958,-0.4131821203588095
-8.952424325230066,-2.717543897704921
-6.650364397699642,-5.260155617315869
-6.607709533888429,-2.2829986196814747
-7.8727334571046095,-0.8761709152584101
-7.331119898294445,-2.9403455982275943
-5.963557616903268,-1.2545721907354637
-5.118980437247098,-1.109458832041688
-10.84360298727085,-1.679522593833044
-8.863212733881513,-3.7721737098408887
-6.471610845303263,-2.908873776755358
-9.993044022487926,-4.749848671726301
-7.964613474067554,-2.982215676560648
-10.92425287088038,-2.2893267869389504
-7.781357826603987,-2.3195737736486977
-5.068271689544881,-1.3782702848043142
-7.349652058746318,-2.7159690902642053
-7.356387074293833,-6.119002203082396
-10.630319572931894,-1.7367888989626554
-6.867833697120334,0.08659286464981797
-8.634310300886302,-0.35102476900357216
-6.2573917665503895,-1.497811398654333
-10.829091710870385,-2.4209495292717085
-7.76779262406044,-4.331569289622476
-7.746941750395286,-2.7391013819681227
-8.755225698761882,-3.3625110577282817
-10.327481395326329,-2.9549351059018827
-8.939704874218288,-3.621562013033238
-9.34616998991576,-1.7463529386494632
-8.02014825995195,-3.141332527567331
-7.932233801180946,-2.929232721676486
-6.887011350295371,-2.446150236842776
-9.170295614949865,-3.622742424569625
-7.983874738043648,-4.451292018750106
-6.9823394046424845,-1.5996877367853366
-7.33868107728365,-2.9383116554070843
-10.391648925214508,-2.486502337216538
-9.717034231538063,-2.586092460209429
-6.658674541832986,-5.485655186902424
-6.7024997995391375,-4.053839738166149
-10.150415472023369,-1.7644726697712838
-9.203252582620424,-5.149035158511898
-8.528442478821503,-2.7111448131329867
-9.37387070724426,-4.847963436037097
-7.328344082334999,-2.678430482461694
-9.771724521788391,-3.5501858844232
-8.163286999678899,-4.137248393415425
-8.714699723917128,-1.1822786853771758
-9.470348815532327,-3.0128690401415925
-7.552762317560109,-5.874029336970775
-8.331384470296928,-2.9649038762418716
-8.849946879731036,-3.802613057406
-10.24342276816025,-1.4820412326921184
-8.7573981933217,-4.436058736584044
-5.380850636124517,-1.219502962036848
-9.914066648683558,-5.191197746794259
-8.17505421076209,-5.500951198500487
-8.449806319470053,-4.259780526400195
-6.454917458001747,-2.5430389119188597
-6.781958852227185,-4.189257088877396
-11.142556812423912,-3.647573992138903
-6.032550459972276,-1.5214659568933182
-10.169223957447246,-3.9362375120558593
-5.903210101543719,-4.1725966013449876
-8.176124973173305,-3.1610799185557106
-5.5420739405781845,-4.498920200785887
-8.515686611026155,-0.36230106022364517
-10.708466418380773,-0.8390561742501705
-8.259944500267837,-3.311001271784432
-8.029331675202785,-2.803710262503604
-9.499074584671423,-2.8378804343921837
-9.53841772977816,-5.098333853783902
-7.986561067727507,-2.936010915853442
-4.779298577588565,-2.9687673152981864
-11.071782978561254,-2.785227856993135
-7.280652151418677,-5.140353963026979
-6.7000391999240305,-2.3873917047044295
-8.536180039110675,-0.3809354806265972
-10.749293681610343,-4.5011058285201555
-8.19247709958628,-4.836198140560014
-10.475724918396427,-1.409725079402958
-8.859898018042653,-4.567065326487727
-8.402134634758362,-5.657797827336106
-5.809673562816661,-0.6499057221830666
-7.589210243556821,-4.662708381576217
-11.096131707856923,-2.8169262586834045
-9.217232439451802,-3.577439636320195
-6.160056030222787,-0.5007891392629489
-7.442251973683569,-3.9841265670783694
-8.615809907786637,-2.8503442576701437
-8.711986065298857,-5.972977894967938
-10.058456203382102,-2.445579689255489
-8.648023812228294,-1.9274071802063424
-8.476578936988151,-3.483879161688542
-7.59848394290481,-3.7616369122233166
-7.324432278927401,-2.7066397276059058
-8.92826565716077,0.32674236871834106
-10.293483179989078,-1.7558971031790012
-8.256999379414438,-3.002366848828444
-8.34114828910395,-3.0125970824877015
-10.246196216042392,-3.077666850656845
-4.9988659122930805,-3.5995949714475737
-4.583889526318947,-2.5775581713084943
-6.39725483461622,-4.700541011175475
-7.27921993628177,-2.304097506228746
-9.077359635117785,-1.8123772752445797
-8.872202206083898,-2.67863118238028
-9.298989634201014,-2.30045077290861
-6.7475413245292035,-0.9832304281457369
-9.79295566342469,-0.43190467330551074
-8.218601140557466,-0.06733692626440879
-8.849569202499728,0.33716831722162643
-6.540435547859741,-1.0237964545423912
-11.047332391897761,-3.4748978935775225
-6.224044538501847,-2.781423093658373
-7.77414476124989,-0.03539869480392133
-9.914434777825814,-0.42179220424084907
-7.160211309773432,-3.9245473224804437
-9.102183758744346,-1.0474473384913516
-7.9713760783937735,-4.23636468851538
-8.00026171864923,-3.0273078444318555
-7.600350712815355,-2.012450990714311
-9.217117102660296,-4.317272541040403
-8.419789116812975,-4.325620696381007
-8.224137883709817,-1.7183049706317917
-5.88468996247728,-2.106782411576085
-9.871812417050087,-0.7964197121000627
-6.953321967594928,-5.114653299752929
-9.709652891561094,-2.814820468282854
-9.996305320962454,-3.0689401253065056
-8.542215256982097,-3.0295889259779694
-8.060368889992521,-3.0709829554792285
-9.893973923344733,-2.960450122624052
-8.993402492825792,-2.709488017583339
-10.288021737394653,-1.9762388149994048
-8.186374386337752,-2.9727793646199676
-8.152825680644403,-2.6747347353819673
-5.458448609904547,-4.11224707628043
-6.626377179309884,-2.339028818676958
-8.096008250698418,-0.9591153675173305
-6.170145466252581,-5.340254591242717
-7.9882333398436725,-2.9811097215368427
-9.342362968796548,-4.1336872046006405
-9.826644811094715,-0.12313808324747777
-8.78720435005348,-1.296355251824008
-5.963069462063443,-4.879854001067791
-8.326600389963783,-6.400119725764787
-7.896715940600116,-4.562879741143973
-8.062182284360015,-5.398555904906945
-7.96224321037662,-3.37178287966998
-7.681154287306023,-3.4199983596747825
-5.308715701011897,-1.0239568275969904
-8.288136211866748,-0.5658023805175305
-7.144009526349159,-3.9138612669237656
-5.947299724885877,-3.9564296259847893
-4.9342819746398,-3.4627774492077354
-5.0220530034330935,-2.200269086281292
-7.800826404459103,-2.9858802601677494
-9.100766950218498,-2.0961316260222214
-8.011397338417224,-4.643066346253062
-10.025662755657848,-2.3348451867577174
-9.192703082513228,-2.6431063429299924
-8.031848420374882,-2.9604516421452174
-7.373440361236238,-1.409474935170813
-10.886513197444344,-2.273030164632355
-6.751242887373975,-1.615174524669566
-8.26929758102549,-2.2964079877132604
-8.037290851876337,-2.287168894603055
-7.405537866340336,-3.0216420525634757
-5.418396965127711,-2.797088069192551
-8.099710480591154,-3.442375691577015
-8.214835485093426,-3.047727300163027
-6.382871429338897,-2.60350170252221
-7.101991431537885,-0.6777093289945295
-8.705514471490563,-3.242660434672344
-10.129647953409368,-2.852431281576088
-7.947695586366971,-3.017948644797559
-9.857324677651828,-2.120170026290434
-6.506298482836605,-2.8397681514101363
-5.487910974395576,-4.795261374597018
-11.228091298032178,-2.6464044365881225
-10.860995979962816,-2.64973222224158
-8.054099651391954,-2.9106551639760108
-7.744508058171509,-2.590427098960341
-6.11322930565435,-3.9245101384920837
-8.365580501433284,-2.8078251202933973
-9.907639813592391,-0.428802121281616
-8.00140159134156,-0.4596116308590048
-6.304792541439903,-1.1329055469926326
-7.35249303472877,-1.657013901871303
-9.326417927537843,-0.3341017564526121
-8.319780347440233,-2.128772604633944
-9.202884476418262,-0.9991331119365023
-7.3677433357404105,-1.5717953550985553
-10.181755271070308,-2.26290754782241
-10.861153726264792,-4.381139627778561
-9.035890228836386,-5.3011134775965125
-7.48271812535523,-0.18984023611377143
-10.026546916331624,-2.326914288888584
-11.163603332248826,-3.8639081537733646
-9.745217963233628,-0.24194555704599585
-7.7343358228167585,-0.05370358410078335
-7.1977505319621145,-0.6553874322729079
-8.241082820765893,0.20431652169625147
-7.60981282462908,-5.51067650374748
-6.725742731099457,-2.8946274371088276
-8.184046953077052,-5.163707647268707
-8.03971643556907,0.3691461820964417
-8.001314367617017,-2.9886749713524536
-7.774312428231717,-3.0052469136316806
-6.890760855584164,-6.122714274367693
-7.293173946699089,-4.859087929400433
-9.907511615078871,-5.919842597466783
-6.489930894074215,-2.307608887627798
-6.671593809582391,-3.117549370419664
-9.843782104452398,-1.9069897037744385
-7.692144375276592,-2.9098504095186204
-10.933487505026052,-4.8683817683021475
-8.864809381768092,-3.4877843562393416
-6.056473328405572,-5.784225290279441
-8.53326537029437,-4.154101608654063
-8.123569850188693,-3.5074851692325995
-7.732116554937238,-3.3175659276986704
-7.634203233489273,-5.606917380851792
-8.032018734547705,-2.798153113317156
-5.522860402394729,-4.358722295693251
-6.639503684182321,-5.64863722618949
-10.690826421294584,-3.4776382882103714
-6.756868531046174,-6.233364500171865
-7.486961823429613,-2.4199627726280184
-7.374613802788053,-3.0836101514060252
-8.357453510363118,-2.7851001349216085
-9.685515597320105,-0.26065870061518215
-7.984214458849196,-2.1458354029743147
-7.718900400428998,-3.1271973287017145
-5.384650573638449,-3.03755975398879
-10.033014914677596,-4.652241395920405
-8.998505663069626,-2.320476582007727
-4.902569436875123,-1.638816912635911
-7.10590993438673,-3.0233855845911926
-6.992547156376292,-5.195205267180075
-7.132042847656493,-5.226056242710363
-10.376955870233633,-1.0131596735940684
-8.451192721910848,-1.8072996783419821
-5.792405192806972,-4.177728683188773
-10.312827820468954,-0.9111716161968437
-8.341277824803083,-3.2898326555113666
-7.385819824899476,-3.3790013930649594
-6.091065828974685,-3.7335550332329452
-7.707334398416195,-4.9475921287512135
-9.530330052740727,-5.91638170841299
-8.374602355228523,-3.1668415868348205
-8.052187345872342,-4.044765345784363
-9.355698370263816,-4.350450294829383
-8.364563002590627,-5.994948461748185
-9.011965615289292,-4.280541195669866
-7.9683482569277455,-3.123454758990902
-7.922615414218135,-4.4276743477275335
-9.514590766270352,-4.673657647295468
-10.482486301091,-3.092742759680595
-8.02985098206675,-0.11819043442266164
-7.790041729739457,-3.0255893400379175
-6.638562142763729,-2.154674560943683
-5.493534352733805,-3.174874015887152
-7.696977106496762,-3.0500069485688877
-9.094893583991258,-0.6930171949403956
-10.877173379724987,-4.240065673087535
-5.157159548801708,-3.773300359948762
-9.873738931118462,-5.018695519663026
-7.058952075454232,-1.936734716495103
-8.780550644438904,-2.3805353456714995
-7.2427536235807475,-1.6734005992479306
-7.2544302012678274,-1.6757211923648083
-7.447322143056667,-4.492846116225696
-9.210772157479722,-4.002767118053622
-7.941406005757277,-2.9514538962133328
-5.830546650970655,-3.4993866724943237
-9.917142160825016,-0.6190894842691916
-7.552337671578023,-2.665158640103679
-7.777710427717422,-2.057313197663082
-7.352109503753253,-3.5076902824022493
-8.664346838177858,-2.9872099809334713
-7.921419626441778,-2.8553553945057275
-7.320280035569308,-6.114906951729984
-7.204287768062229,-3.9970143808196816
-7.999901248558104,-2.954328004064788
-8.78922660766463,-2.463686362031148
-8.595054132592846,-4.630220958654579
-8.038050946501903,-2.9577784863450085
-7.876121471493532,-5.528582791013315
-8.44960324393959,-0.9119959207562744
-7.042609565386275,-2.9999563288305446
-8.02344835901439,-2.7174417763730028
-9.634486543439156,-4.650359242753463
-10.969591637351403,-4.415276586683433
-8.059424807834988,-2.356961836049623
-7.370692702713177,-5.004657497217247
-10.249082382495912,-4.218802672620742
-6.92700000177461,0.18618458069611687
-6.408867778574202,-4.01560238941512
-7.972707022187944,-2.9375214426247442
-9.530089354988808,-2.691694220434836
-8.046353226399198,-2.8504555690250832
-5.305412507467393,-1.5347946939145403
-7.437414715011281,-4.754338165137755
-9.161074912969392,-2.433350397518999
-7.527375472917051,-3.778643318295788
-6.473637388586293,-3.755478451869981
-9.348306608836316,-5.5018530060279565
-7.476019030705693,11.954386604239646
-5.950973034569798,10.967426759808696
-7.0778479625479305,9.87001629354854
-4.426693402887707,9.85164007428491
-6.00963399596282,9.808397228890623
-1.4553420482706056,11.932792077888973
-2.7145619420085216,11.296934131538734
-7.717098494202716,7.258959485661274
-4.540787549326767,10.416091275735614
-3.3293716411683003,11.404391884082425
-8.459474984434623,8.782246325243104
-5.9258076649647755,11.15470389126327
-6.487781323370516,10.699140599127633
-7.95594170377688,7.768714472772897
-6.264488522531511,10.7593792728669
-4.389482015276795,13.073925567133413
-5.817862459626721,6.266558511082774
-5.985006763124897,8.325057653563732
-7.671699547386516,12.182011322962284
-4.40363082584334,10.435826314028814
-8.58549352528373,10.216074036390493
-6.048003480079869,13.430307465175161
-3.165153041495987,11.895797927465354
-3.071706109070206,9.46425174301852
-7.297633135758757,9.162647238611209
-7.650647546220922,12.720134952646543
-7.270480791609751,9.451759777739083
-6.47954015423665,13.424567481203397
-6.745680218434707,13.55454296206644
-4.370449507226839,10.069305874575164
-6.5101890855944,9.842599050114863
-8.834369275115213,9.940027692264726
-1.6454550291511558,9.700208361421733
-3.518768607625058,11.995093622627966
-1.4524455869341066,9.694345286974828
-5.226636795674977,9.226435617519488
-5.2965070860993,10.605431588083134
-5.042367427662265,9.824640606620092
-5.375632092834914,7.961866912863162
-5.341023398136701,13.946336166362581
-2.6472705946043855,7.597045663989819
-4.75703144817574,10.103050091608191
-5.742741544325086,8.435660638388972
-4.817324606046856,10.332889528677235
-6.940594900424914,9.557392115416423
-3.9004634537712644,10.10846952465114
-4.747321496130457,11.307162631517684
-5.084740420721997,8.60153478086491
-5.752088035472438,10.723387906479779
-4.607933102532887,12.014130682056829
-5.001894124129478,10.054673098456457
-2.468697642638814,8.78861469099793
-2.8524521586931564,10.560633498170137
-4.428694943964929,11.196738338476825
-6.015185577819928,13.080903082729732
-3.7027366702956086,10.178380081860356
-4.647545698755338,8.549796545906105
-4.634236018044961,8.13978147094147
-6.632840483615685,10.218161968468264
-5.590628530052715,9.43381246053605
-2.9348532380600783,6.551844927830775
-6.374574459435971,10.417341417146517
-2.671911136177544,8.554211072799205
-5.3430066150379005,9.898385548927518
-7.979132124801004,10.132982088908921
-3.946999955037154,11.140006110440186
-3.2546131096806663,11.320480270002403
-7.016411032035796,10.058324051353148
-5.649725954960171,11.579680899354868
-3.0030804792140833,11.534126903564133
-3.867214086778364,8.94902330258497
-4.159365012306056,9.073959056781188
-5.63400854679022,9.80915004027617
-5.087317944260751,9.91330861418798
-3.471677681673516,10.537929728081169
-4.848995476183594,11.985986409656649
-6.589891524545899,7.053004071849636
-2.4971975476510315,9.379895312896895
-2.428221272167408,9.221310061366431
-4.003971960597136,10.744295429017235
-7.956318128992992,8.324516288617923
-3.9474968165541835,10.444391271153968
-5.170376483526393,10.872672581709681
-2.81823126527161,11.897796978576118
-5.279253868799198,10.377030923208553
-5.509885430936982,12.016643492670608
-5.758051509739239,11.38233594418195
-4.818824145016072,10.428059106063753
-1.1686639330522546,10.609937423149173
-5.042784254817282,9.083411404711264
-3.6006602468906728,13.54171933604124
-5.631556584291711,9.700656675437072
-4.514584198053892,11.661051625142028
-3.81445001742696,13.436543292368466
-2.9136651045532074,8.227139045754209
-5.391273751973938,10.329567291785445
-5.124028854583309,8.67300474899844
-6.695388111975425,8.070436167820219
-4.429127186624405,8.249393437549609
-4.472156814641077,13.581181307017623
-5.194085605688254,9.684247736706592
-6.03873118128516,12.970443516069501
-1.3005477503494314,10.428504579659247
-5.4009335382933985,7.695080642271618
-3.763834367322016,8.547920038313837
-5.121034679056594,13.295277049172649
-5.880026407890839,10.125797800759
-4.796785977330804,9.04941020183487
-5.0993066204761615,9.695672725995362
-3.3582394729543283,9.66230826852771
-2.0751652616085186,9.268306310976905
-6.986789933202655,9.387826412286193
-7.078321346303036,9.82135456970236
-6.40911887799809,6.41370605754934
-5.5094846153214485,13.790433592048236
-5.7538408208206295,11.710221918902263
-3.3731754955983826,9.42755008307833
-6.539522387837887,10.8382037675485
-4.0563628811460495,10.235887707401783
-8.656131746198502,8.401744727656839
-5.120619566019803,8.676368626127644
-5.272280037061374,12.597602359536358
-5.069049061228642,11.246604596616976
-5.018917160393823,10.073244040722782
-5.717693104114073,10.925724432087184
-3.974240995819427,11.120133898372117
-3.190882538147785,12.158725728122716
-6.511584680171268,10.492561109608742
-4.293479112897824,12.96144859591978
-3.723338620470239,7.804867517937807
-4.507647943446927,10.067679169904446
-3.3270849211965503,9.03588920133326
-1.5961474236423605,8.853263718627598
-5.458900621727542,8.445482336250777
-5.420132795843896,12.571995421015144
-4.7144297500588745,10.868732385630409
-4.940903374168503,9.997474587410933
-4.68471328196822,9.30857748192274
-5.671206095424142,8.794187481198827
-2.7993346642014743,7.281484127227136
-5.490245073405764,11.100666504248595
-1.7418674801682883,11.290975641163271
-4.832912664777091,10.049679780366857
-3.3106564743870366,11.130422680742363
-1.7195319358695347,9.062713945689948
-5.516226533670626,9.857260358591711
-5.859301301303674,12.704937080061292
-5.744155215998601,10.654843645221046
-4.992204738398743,10.912018668233147
-4.86550150605843,9.542825562414233
-4.506466041594608,7.4664789371663005
-4.2360388000718885,10.590660675928412
-4.9436985069905495,8.156251921877654
-3.475199910031587,10.46417934845459
-4.822650955376809,9.034448881246952
-4.896360056499263,9.918497302428253
-1.736192188854543,7.433193747096112
-5.1356600641725,9.912959038350373
-4.897499957993558,10.404634289096458
-4.532612091708774,13.35489622809353
-3.4206483271577053,8.670360105192263
-6.44837285628059,8.51692990613293
-7.547957796605077,12.154560085107033
-4.571071955619577,11.82957258573142
-4.494936868549161,10.271844341364895
-4.605264209290375,9.95293468471083
-5.962488743589278,9.512186143681879
-7.032061301322859,8.19078809479835
-8.23253986389943,11.462943203176202
-5.224596671103024,11.63051070800563
-1.022969938985891,10.032070250015975
-2.9923961671519947,12.72255675934657
-4.557338806629169,10.431257421499001
-6.590655391491221,7.746744239576504
-2.182731843292018,10.207748629882497
-3.8785946992643363,8.836824031485023
-1.526052297252006,9.366392196438452
-5.313712213530315,10.608188250482135
-3.4023273782085663,10.675939946246197
-4.9423577521617155,9.94743601504313
-5.358124809940293,10.96252562840458
-4.055850788647752,10.21044559347877
-7.571970100445926,7.517710698075423
-7.568790228547007,8.255194041537607
-4.25879647448938,13.672604890673373
-5.6266164963007945,14.058446421114464
-3.294879522216144,9.275890705568106
-8.948464672506802,9.409506092423022
-5.03540966142312,10.018550279617294
-7.010294285919702,12.268710533255662
-5.004904888375349,9.987730759725208
-6.861817271667036,6.893593733714926
-7.711484483632899,11.240286307234182
-1.7969463235292964,10.229507038787434
-5.584343125778545,11.182299375314747
-1.7868985919068185,10.948054210850197
-6.270477395250014,8.652266328832265
-6.584779562060066,13.528014360729324
-5.198522687680834,6.808037172982763
-6.011551609614528,8.274375084456668
-3.2432348154407853,11.292989525001854
-5.113501364140824,8.879467027430541
-4.765469408009526,11.529861674336653
-4.478433620740704,6.2750320219543045
-3.884847256227723,6.2851208460865156
-8.245091962927322,10.53913627895879
-6.1041925777504975,9.114644857834413
-5.198275373533039,10.163468555365984
-4.998621146258176,9.427562645538254
-1.3587736480716495,10.655890540824467
-4.099864852628172,6.870173237019904
-4.991525422381958,9.95257128475488
-4.463846233031144,10.54003048770663
-3.2523013689290954,8.110129451108959
-6.800575153641916,9.684838332947832
-3.4779269014776935,10.03006471972046
-4.157008775068256,8.821935269432924
-7.167003595352661,9.747564389159521
-4.956853937543038,10.112926337786263
-5.299600458802504,10.569964791998663
-2.0414567349849935,9.566299443866214
-7.212169309772148,12.655106160903639
-6.360629564632468,8.897373227126705
-3.833009136891456,8.323915280505462
-4.905918149345254,10.945772207500257
-7.569695472369803,9.882815969154006
-2.3840567706507336,10.637643385169543
-5.908071959090582,7.887797787199071
-7.476368454947784,9.7399100780522
-4.865012028004238,9.792520427854694
-3.8752200324518635,11.73203416788625
-1.7102195212100542,9.734470602902071
-5.697020583573314,10.379034480709878
-5.0270010613923235,10.13714008281931
-3.3500827692816797,8.641759132869662
-4.718030369278648,10.927916015156601
-4.994747953694839,12.078420805525829
-5.1146624009567265,9.526316414520645
-5.372267504863677,12.588989788989409
-5.232475626421679,10.26068654883941
-2.463898932125178,7.781673325174731
-3.223670992327172,8.782727377827337
-4.050952308520594,10.273979297775995
-7.87628422272871,9.111974449292726
-4.983747990746805,11.670932572894946
-8.522453069117903,11.143994312952808
-1.7302197589427752,8.623796016801647
-2.6913790355332594,8.347843670989347
-2.219241909292158,11.895200326331068
-1.2816234420391432,10.757443912374036
-5.202049877334501,9.451170769610862
-3.7421378148066404,10.408245403600686
-2.9049616479095475,9.487437450782293
-5.044911979170127,7.301759059940549
-4.410079394711324,12.081239332463339
-4.218934527658764,9.928792069950676
-5.135170622120925,7.894260219455244
-1.6639262741635332,11.414600348336268
-4.856512576255098,10.731163422118302
-4.903446446122803,11.532587479906093
-7.7060372944156335,10.985425297942593
-4.9560374703333885,10.03152025297944
-6.336872679345099,11.119630438554267
-6.065452709966773,12.004943515556764
-4.1195931582602725,10.45170709930307
-4.691790267778599,13.25649481646214
-7.009285040007683,9.77422425155037
-1.5143053497537964,10.372374045547772
-6.2977462613101745,12.897696405800584
-3.4454313640808505,13.184015010729931
-4.4378750864967,8.995572138410333
-1.462942251341953,10.543193753342674
-2.968024619669185,12.523327825065133
-7.417185218216213,10.385672656670675
-5.220346268547128,11.902776267853538
-8.123699351556487,8.45130426009383
-3.0521709234209577,8.297119572196541
-7.170706687874889,8.925974562249223
-6.051461900340388,12.798789494652404
-3.926730359423611,11.333849350529848
-3.0130083682457585,10.247420554570198
-5.10332948274309,12.846793894225511
-6.637264809738868,7.999220006551965
-7.13756442382087,11.9068809341754
-5.429947176596219,10.14813528848762
-4.937908429308883,9.768484449510398
-4.7062591368162945,7.893066275024804
-5.721499192781703,10.14070922122796
-3.368080640708807,9.696472791047515
-5.778179602109723,9.390475134912442
-4.86607898987917,9.732177722342332
-2.521338106351904,9.87289620957885
-6.63344435834094,7.80761117525255
-4.696219054306346,12.578446613237848
-4.795127564452304,9.939384989143036
-4.4650849523455545,6.948934864475534
-2.39649680105914,8.972660519544549
-1.2981392072460314,11.398223158676368
-5.356838826271028,10.325595471282284
-6.349435308059888,11.16424148788657
-6.3709000528047515,10.870099786764667
-5.318325236289327,9.47648326255045
-6.271423521976496,12.154979298597418
-4.924365272665251,10.29688925728268
-1.4413464470392365,8.79038910762102
-3.5311941180717064,11.682494160779521
-3.6712375073852668,8.415824511846363
-2.0766295333953786,12.33707498697336
-5.93353872239742,8.453742104890207
-5.209973836599124,6.109495137461734
-3.047367667394986,7.986479330518053
-4.263791895143256,8.933834021579642
-4.664376594221084,9.32108620905562
-4.648247407600934,14.026144904105395
-6.969200105561738,10.997588605181758
-7.237890196171172,10.607758396392736
-4.552820286818461,11.751036731131707
-5.218308691665476,10.783070773219423
-5.024277050164284,8.909698041434446
-3.3208209428230404,8.994711129615066
-1.9067208736976973,11.775347220565875
-5.3897913804499815,9.651974257775963
-8.525237328978204,8.565948384945706
-6.3108749828813835,12.43795134886036
-7.119783198964669,10.081769979068298
-3.1797181707208058,6.410186558479524
-5.160205568087937,11.834240544038032
-6.824301132938078,10.656605399386603
-5.471631437867508,8.642490728984132
-6.5672998689727375,9.728183711811624
-4.869532729821949,11.453708593279043
-4.832267948094568,11.045928879557868
-2.0497470369116204,8.484751416504125
-5.599201607059365,10.827055807709737
-6.334636520786209,8.200629562873393
-3.0665056556363757,9.415795850684566
-4.1086105256471575,7.5669763264434415
-5.47007791716465,6.737743880807729
-5.848815378028805,7.0369438720826825
-6.68408351152119,7.347542445961891
-1.8702253452246689,9.707061649525107
-5.46776753444593,8.30428140680912
-4.349577766598595,10.698932562012468
-5.764421773912119,10.890989051143588
-5.373681053877076,10.77384909048727
-4.369908421631596,6.071840814090091
-5.324159975487158,9.491695648518903
-4.396280962847013,9.830761964137848
-3.027804041632759,11.740789364305513
-3.9864472083665348,8.816106379050055
-5.051933728014655,7.177264120424962
-2.712765298692044,7.705536596497349
-5.583771057138795,10.005658028824506
-6.534783790143531,10.380040578744326
-3.6818294737718666,8.370704936534176
-4.921172043217782,8.568795662347913
-9.022093668239943,10.343883666576804
-4.833290576481801,11.294809582915022
-4.758726660362343,9.687849154283859
-7.723967285187181,10.115631573092392
-2.382701335076074,12.567347254059957
-5.371691269216251,8.4287464179003
-3.0489991641276393,8.262516871493402
-4.810853783741631,8.675244950548441
-4.819887150102933,9.163721827374268
-4.461417706287132,7.001018393445253
-7.387940013112718,12.33173676568507
-5.0461302705536255,10.010526988309627
-4.322277807278557,9.569475129648447
-2.2505065017574504,8.991789208193048
-2.932267174300592,11.71986498994375
-4.908318596277765,9.827751110257255
-3.224379064985963,8.70934627090584
-6.306013982097559,12.003404761986697
-4.038093663782532,8.122289679047078
-5.000064384924877,10.005115100571258
-6.267292496364553,7.382550229541875
-4.5040496168071495,12.569717696384126
-5.701237488688925,10.931836891709079
-5.246045853471699,10.389259890925066
-2.884601963148699,8.657756702834254
-4.528470044600921,9.4717041901796
-8.275948293177237,12.482097495683815
-4.199426251125023,12.789330246151662
-3.4168061729322003,12.314991407555612
-1.7870640032251988,7.908670690397191
-6.524014699456078,9.49852385223367
-4.707192328662029,13.278346890029045
-5.120366530815931,9.963256778768292
-2.4836295514135904,11.822652461493384
-4.517346619698266,10.213536908748702
-2.2785323293805733,10.200442595650246
-4.918381884128206,10.137633427688282
-5.596701351489448,10.231453035133729
-1.808803366626809,11.983702703774153
-7.94216729874541,9.137310695526057
-6.7250424280400205,6.2497157115320885
-7.088765249891601,7.904545210966701
-4.537702646641748,6.07349165559912
-8.077091245750449,9.456733761259917
-5.311896011011238,9.947660326565444
-1.4127485118741707,10.28445008654038
-5.39507623369036,7.636944402145417
-5.326448051038509,10.445583143753916
-4.080588981980531,9.432896617565747
-5.524972144172928,10.807552274485142
-4.804187746525406,10.0626537032146
-4.971787557308423,9.813194689405472
-4.92399050217771,8.01965009665754
-4.858394280229582,13.93055896457685
-5.972111011874124,6.404745553010473
-5.679167328792803,9.47418858565917
-6.1150837871633055,10.417108503336426
-3.730168533441531,10.454129180228867
-3.2291609817825195,9.03339440006634
-4.656805153706416,8.160048261219881
-6.423287417846333,6.0549843229884495
-4.6294379742059695,9.374597517547627
-1.6630103299429089,9.397920953399607
-1.823642328114297,9.599891875032196
-5.202232752121662,10.352036949688289
-5.801692579393288,9.550673600602037
-4.17623412141216,13.120936360279538
-4.292228755834682,9.76121670700244
-5.31506536990336,9.880574042091087
-3.708472745389218,8.832309011765155
-3.6904946481527725,9.104485078022897
-2.3769378703768544,10.298677666912452
-3.866501453849221,12.481211896369661
-2.984483522051977,10.014012005212866
-7.974059419262964,9.937781856955379
-4.0436587703496825,8.926146488658013
-5.053798945557749,10.039851536080443
-5.175739811818877,10.018241959508673
-4.939645605913905,11.396675445917609
-7.133791688313931,12.875283593964967
-4.478856307077186,10.438104864589413
-5.66094672948313,8.813835415680995
-3.476345556847082,9.768193693606534
-6.830152516026131,10.54016403146948
-1.9330908529478705,10.086097794955123
-8.011372625712216,11.537222347104079
-3.236850603561804,9.96194436015817
-3.8444394722124873,11.87375534318358
-5.243171126322397,9.518636501867425
-4.764063476127638,10.552690263051295
-4.211393391273068,9.51636753295831
-4.142933355986369,12.638972427687495
-3.644831923954513,13.599731832390203
-5.106857177852449,8.677193409205055
-5.22721635144175,10.053410307029441
-3.4108445556245757,11.303445578304782
-9.029059395809114,10.685399859459302
-5.831121436360934,11.755871160420009
-5.448518176393635,9.042739002982012
-3.99769646304639,11.527515687288219
-3.4152309402250776,10.247670702882173
-8.287948501534967,8.19186237926516
-7.938318769475854,7.712183718702897
-4.051908108949419,10.796281276808378
-6.543183996481107,8.764092518079243
-5.846952147320474,12.386940108439061
-5.500366904893207,9.514653413894235
-3.4673029263717137,11.367348926849886
-4.591982037327121,11.845941945647562
-3.9465494652934847,8.673630394211859
-6.059582837318073,6.730109471866753
-4.486228107533007,11.151203685486008
-5.068458444710302,9.94790847408758
-6.8983742166763555,9.29582767262015
-5.036472909707547,9.750664995887293
-6.637062553721731,8.674512351049495
-1.0827501033850093,9.90636473071638
-2.0834862745173717,10.755121183591964
-3.738422722012532,10.387346219736331
-5.705384605075873,9.653052599510637
-5.164919037954963,9.6213352185315
-8.843353363530467,11.01032094393832
-7.311057450170361,11.863282602783766
-2.164153841061068,12.513995007275987
-7.537677698094905,12.577876421352919
-3.8079900136357723,9.174078906469914
-4.911599507837575,13.005810337248342
-8.079264318935556,9.58460443055612
-4.652436431940699,6.617184383372484
-5.895725360950304,11.081680802309423
-5.280469131175641,10.405714109781368
-4.684733929076726,7.813870906694186
-8.335656754562269,12.542807359435425
-6.27328512393542,6.619205725951279
-5.613814191656359,10.250624787873258
-5.290655748312887,8.90446388852317
-1.5748364834927782,12.418118007561276
-6.610991053044888,9.60750256542864
-4.406713583688361,8.794821954744602
-5.145238204898887,9.886196234002696
-8.898985250321484,9.362721416018994
-7.2019605894203576,10.768162682320446
-1.7420400983167323,7.663888091095982
-1.9818111926426218,12.601955087986678
3.0375415925110674,1.4408584837573948
2.8359282171861073,3.573362632620139
2.6512106092332752,2.1105025490464526
2.9656093409138826,3.1601272793482504
2.98026136896923,2.822445139356195
4.5890582730147305,1.1428327715787219
5.725314547480638,0.9055200134721193
5.166812995990485,1.8134611420542044
2.0661261471509773,1.2838240479094802
6.082038950413649,2.2207361664657053
4.496169916772687,1.1793195001462269
3.9581924265088815,0.2880517574634076
5.43940670137082,2.018987330207938
2.439122091493176,1.383841294624271
2.417193934300373,1.9855665114806702
4.080853898473068,2.7374220114236762
5.2436366493741104,1.2220578293505162
4.195158922812927,2.0178801725575664
5.1641576032785235,2.835868322679803
4.2323355461486045,1.9869876930720698
4.917368756966487,1.3685231556455513
4.867515270290886,2.006985647186589
4.942075025254427,2.5581076358122474
3.9348782255934354,2.3707461544968615
3.9974961484431843,1.999559429663842
5.4605943456282375,1.2541268384427682
3.76665281797817,2.6702693006740064
3.327636723797857,2.7257468003212173
3.883802656402939,1.986514934961832
3.75708685058697,3.8462865940548188
3.2953124410213124,2.951429191933684
5.578127625346749,2.567420912879911
3.360897493749669,2.422349515617015
2.912298272372694,0.2538116189216093
3.970104081652677,1.6689150424828718
3.4112337409927598,1.276369003073083
2.4958745194794494,2.43318219405007
2.312545020757722,1.818635427713991
5.020686469276117,2.3983950909889007
4.810784348769694,1.3387184285172675
3.5420177189621653,1.9757979458031982
3.7891469583504405,2.1724267333481118
3.090941165359008,2.423398336177463
4.212699379270262,1.880107960441898
2.134167318360523,1.9586173528865127
2.8422648586219585,2.3435790683214504
3.03156825949536,3.0008932767445264
3.584574302764283,2.2292575665751153
3.7900833053069967,1.072168592269431
3.2394237581238405,3.3804697178214047
5.306861996851174,3.075987001106919
3.631354941891805,0.44450632494867914
3.85763836849642,3.9156547615579185
5.115503794996125,2.3860965124418474
4.74935821431699,1.9616813938686424
4.903815293757338,0.8378372191721917
3.0888733408337825,1.1570081207995053
3.3748653485056153,2.5808068704889804
4.028072692898271,2.0705539421059376
4.547083304695659,1.433603900940411
3.4281348631179003,3.968289643420162
5.54593552901879,1.853575097457169
5.414852099578624,1.8774423282112152
3.8381237538405095,1.6494673760717586
3.859379237376512,2.0608931182231682
4.854382073076119,3.139855843812929
4.106657810642199,0.5966882866900367
3.3702583200625478,2.3029280114270527
3.9350348135474094,0.40983114894095074
4.426939148714423,2.825296808624339
3.1329410405502376,3.8516755011269677
3.5382068266374262,1.5919581812077084
5.115768288491702,3.0679128726579448
4.117043112697729,0.694144845661437
2.697662165610039,0.7671451149136115
3.9190086791883854,1.9304626326353895
4.30498602422416,0.2850980303843189
3.4598227748125816,3.2490074672642812
4.033321422426041,1.930041005490374
5.358652512625783,0.9059274518999636
3.945738188866864,1.7391530783657305
3.5723588110709352,0.6360859090090456
5.741273386343803,1.7149548644563608
4.858416669455821,2.4164048491442984
4.556235942189207,0.23821448236868625
5.390810302416288,3.2607740715490845
3.0499382211601795,2.467373933644023
3.7901784170985167,1.9025410373540184
3.1513641063162825,2.8529598445808912
4.905018742990366,1.1651529369137226
4.477323893866297,1.9121098147622866
4.051414140337718,1.7770616612672199
4.100187833417889,1.0807139816064795
4.248840143274072,2.21034990711855
3.6556579743737485,3.814457869153359
3.4284848122045637,1.495695817540256
5.151093938910699,0.8537242417955708
4.620373075587914,2.3683541031310966
3.653524387463092,1.322756920375624
2.5717809087933032,1.2769804212123304
3.776676347289756,1.8730322205307024
6.045080369784925,2.4599083727084134
2.37349715663866,2.037339959216592
4.668704156266951,1.7000993118472847
3.217390425679817,1.5727313542455006
3.775882089088835,2.2689121807873773
3.767760971480502,1.868259397334425
2.2653074970573277,1.3835310821902926
3.899188475730118,2.089857916960447
4.0345911221691875,2.104972059096959
4.5200265525609895,0.9915207322261301
2.843849431758901,0.42974643836137005
3.499043235085269,2.4683498895915275
2.7481948297752985,1.3114766226954109
4.344386707978043,0.09265825950036688
3.8957304354619517,1.950904709579189
4.702312530153136,1.3113797057013021
3.394227815910978,2.1884936589896213
2.3506146429105135,1.2134382396150811
4.159853340863761,3.593148909933385
4.401620050182404,1.8962052729905143
5.752126408539501,1.8369771268322346
4.121060821685224,0.5095046606810336
4.349820610787087,2.3399310119702825
3.9013479629817285,1.950087686991966
3.592553799037388,-0.026464998723577438
3.943854074439221,1.0586006088726836
4.809097946644712,2.900563465944853
4.72149967971942,3.12333939998139
2.0596422608487908,1.3581516845419885
3.5541843810751335,-0.004934769297169517
2.974319305472247,0.3816184109862222
4.844457804553154,0.3970270992853584
5.297734195900839,2.2930891189983056
4.751780322130237,0.2624212329941724
5.063837593988807,1.102724215919058
3.3480521150159097,0.9922383909043904
2.4969071829543097,2.013428020134875
3.395552873459276,2.289820731369097
4.499337691061269,3.260684577937554
4.077598800281299,1.950251248034951
5.6674073085230265,1.4364197556449199
3.424208061584304,1.652019557595858
2.7785984653725935,0.9893348547266763
4.158955959844895,1.399891449924206
4.533652238698705,1.919752051701067
2.379773832409099,2.3900255156387313
4.661679308616229,3.2587866126413703
2.2030603358238543,1.329214146266899
5.622065784705105,1.5011340805960551
5.295586223316107,2.225243688492011
2.6457174850376215,0.9912014950006256
3.957846735254063,2.005374651645527
4.057973368807099,1.921908933276943
3.7676287630579752,0.06648512192463918
5.219025763894768,2.690406108080242
5.035880176548369,2.8636948530255166
3.911102410973529,2.3676332200747963
3.9334609738459423,2.071784731176027
3.0337419944464687,0.7615827830522488
4.897128033215714,3.6979748560230434
4.381297558902457,2.9570108874756236
5.047772917147634,1.1982814773170916
3.3235321038457366,0.5059906943324057
3.6052411169109937,1.9994567023850738
3.8660751295790887,2.009247947684048
4.164866170445467,1.5030864076830874
3.104731425957761,1.4756701125955805
5.377790921784828,3.436625073300632
3.561246280002516,1.6928416644228197
4.447128083753527,3.512190075954214
4.0989939679926835,1.596327852255911
3.987488392001405,2.0184346898389216
4.455445107792073,0.17600373542042957
4.099342696199164,1.9545048943702938
5.722666272679882,2.4332962961087343
3.0314147036593484,1.0482103160900857
4.1507544151377145,1.1540527492157957
3.409831666122338,1.5323874110299074
4.610583341991344,0.9043800396699617
3.907411026434129,2.4081601181219967
3.9209391771437834,2.7393579409480915
3.9520852474079953,1.9779698725051205
5.974599790659726,1.9867466057818108
5.2346079693908045,2.8786516339923325
5.038357886409594,3.28822530726656
4.796327663214653,1.413339522418899
2.9020987893032557,2.1140448052570675
4.078192454074291,1.4796176268235284
3.7131442954911607,2.249108888917074
4.361561571965933,1.2896195162742707
3.1864622947156405,1.9995328922223472
4.229829071002599,1.6801670548919647
4.304451889848198,1.586394211850196
4.651299789781765,1.821002219286924
5.18453929741155,2.9056051825737477
4.793361875973,2.1324019859002714
3.507783729520991,3.0457985573295003
2.2185727834692255,2.5289394542856485
2.519204271936858,1.763429838316317
4.340282572323292,2.083194825951575
4.417973701911926,1.751821508722424
4.077554492259023,1.969628504156103
3.8916022755562816,1.7953955710121579
4.184010243906332,3.035460904753995
2.204643149221161,2.0290774062821755
2.268380765160636,1.4237990950266957
3.703975178142133,2.9835401309480227
5.045859548230977,3.0724138919993673
5.102763043776387,0.350991952452679
4.059555360077041,2.084044774974592
4.0045906633631905,1.9950852029163428
3.3995747492348256,1.2037175197341092
2.8493586814126317,1.6715606448711537
3.8358208462161465,2.019344399397763
4.087020524607893,2.8955395051193573
5.194490092083615,2.3154498991055346
4.002808887755941,1.9969856278511333
5.229641810873104,0.9314758096511309
4.9169896705095795,1.370100028766878
3.231354715184228,0.5474356532357572
5.375927614663658,1.150090624430027
2.6901595668216274,2.9111368238512734
3.821963265715964,2.5951000421664094
2.3994675048365477,1.7310956288449204
5.251269369630985,2.867570893005875
4.077927808045478,1.8025671554681886
3.148609282901096,1.9784007109653676
5.076769009601682,0.9499027669936877
4.346577495975604,3.8486858755033326
3.170807851171022,1.0063759127573613
5.39840951989143,1.6672927314168233
3.8810266971633234,2.871358989947441
2.973902241327516,1.5355352572973417
3.152354841896915,1.5644952288355822
3.0381342944264818,2.2342153235046975
5.163038744687442,2.438186483379416
3.4435195080129413,0.5884091543411916
3.813393014457759,3.14148255805888
3.4906933801462956,0.1302448302438357
2.0068863547878344,2.617832279476061
5.648353724767786,1.6831945720250368
3.8895301067827623,1.2669717345219773
3.349990999007817,2.0942241356371625
4.21799466068885,1.9246116560705822
3.6606606670493282,0.9506793111341367
4.096312995058761,1.984708543791653
3.2558713392654455,3.478432181084773
3.8188194365652697,1.2271230040035932
2.690387612292792,3.5519470640189024
5.60422281568472,1.7110583667768253
5.32262520964056,2.5542317242897656
3.019562831952566,2.629406493295804
5.971085587725139,2.3038021527877874
3.9603774158644742,2.0391332542458738
5.174329208351792,2.6224487360169926
3.2179399219876306,1.6013436201961597
3.8809894404246275,1.9505453118516662
5.105500079051298,3.0998130971315847
5.2003640098543,0.8655545710221579
3.554939903579095,3.8333932134603463
3.988876913407063,2.1087694597479554
3.0599549298800035,1.3299630333231913
4.364574367344644,2.7597543374826676
3.418956874465101,1.0492634580378932
2.2987769539580363,2.485502847293347
3.07787854818423,0.6179973210105667
3.5583778656146103,2.7960755174050558
4.0102529236111755,2.0044429641988772
4.27791497898076,2.327498656531553
4.274649765123751,1.3070536704791058
3.9159662315127477,1.249817946713971
4.682453228264325,2.4831742474713128
4.492795550203068,1.7745756682773213
3.15105010372728,1.214882083437079
3.0490114992031283,1.3100679002678075
3.4150119206228515,1.9807828619254044
3.6664595209451902,2.1563361983014073
3.8333142392957273,1.988772881158835
4.762291901925549,1.7415130649310724
4.156651706134587,2.16007349660806
4.180598263076152,2.2177330726131808
4.417887183610092,2.6597999158659213
3.159578377325843,1.800660502753818
3.472531025159261,2.968623430767847
5.20645721771562,0.9502690380734453
4.838623365319373,3.585826110980094
4.049540173693031,0.09483936955914007
4.813887914431945,3.0326479830751536
3.1218926627894197,2.1290598338724296
4.9141552551914955,3.2312657488704835
3.726974395714214,2.8895297373700277
3.768994002027789,1.4950153222929403
3.9498908066521397,0.5892503416895625
4.20313562103921,2.2695473464303553
2.8691053376850704,1.1401385462870879
4.5530169546801575,2.999489346448416
4.091989577837774,1.8869676911983075
5.840037639192534,2.3310049864333706
5.090942795128211,1.329118870800965
4.027852107996036,2.308338393213948
4.414219127330151,1.421023123208169
5.354850856812345,1.2318821771947146
5.349531937457107,2.0164491511103213
5.15875669722942,2.976757022380657
5.348518321578922,2.0720618116028797
4.259698070375407,1.7749426712656187
5.126385309643144,3.244195931110476
2.5011450782806293,1.2214851574380625
2.892921634022614,1.9534522059094928
3.80952203819038,0.1837461854127196
4.396065089410081,2.1263680425254665
3.8440313012790694,1.667547252776041
4.226668824685887,1.7428572214551892
4.4091790271742815,1.25920712705781
5.423745281350094,2.357587723644498
3.107879831988676,1.5126885897322135
3.7851111641596575,1.9531611600685872
4.271418768243992,2.217484618277712
4.179010195564401,2.0273977385700124
5.921265667896239,1.691782595493392
4.369141636000559,1.8413452234476468
2.125394641506985,1.5220307910591158
5.167158468156821,2.909466065269869
4.292575425914038,1.2976727864845317
2.7745149335895194,3.64382148794184
2.8564315062530046,2.8226795770801827
3.642616447855113,2.493775389915955
2.6911488860523805,3.452993098996954
5.302593275361606,1.7369561156018922
3.723697618149901,1.2874834334880463
4.3247252376971925,2.8953431317224716
4.243009809560693,1.83687099046361
4.024673696468924,1.581621978625382
3.088622180722182,2.8066558957745857
4.080594998585208,2.4325222077144244
4.752848653452757,0.7286088606542012
4.002766278473397,2.315633297954565
3.7516039890611492,1.810941662713681
3.0065047832227596,2.485241861696394
4.291532936567576,3.1701028419838204
4.553086833941046,2.6446287256104917
2.869891615609022,0.7506010156531846
3.4263585448407916,2.9270365921151282
3.4216219550237756,1.2500163725529791
4.700321076083469,1.9942085724937326
2.9856973978501586,2.4250220094639956
5.989451134673637,2.4793491714723976
3.693438790654859,0.9707852813466322
4.160184408787467,3.320627882158033
3.206092987885742,0.5220795191921841
4.547631329666772,3.0325433055842836
3.4839960323719104,2.003071825760204
4.384530523773305,1.993893303703432
4.389954585532932,1.8256467049160752
5.144922176422215,2.2294000684497144
4.28615541072825,2.3574515888728715
4.0785927160783855,2.3655727128919652
4.385827079485122,2.2156763125163796
4.376301609818145,2.0198197818153893
4.40789476547074,1.3241291081356494
3.393061686136216,2.269426354354677
2.728728189548488,2.2685378455243628
4.219020025363589,1.3746106438688168
3.6426889516723246,1.9366262163850594
4.913601387680462,2.6614812079821966
4.152059172189768,2.0099320122208884
3.864169857737493,3.119766153171931
3.7664996774943633,2.1748348895926717
3.749961618166004,1.8526044259650738
5.6403077627504805,2.4414791462662806
5.1350309591296295,1.9972958143844102
3.719442956316033,0.7765032813800374
3.9352814493340116,1.9688652377365947
5.662499627438281,1.5227655217144005
4.976844477708566,1.8486831477880532
4.0095773787074656,2.03302821482773
4.588858693528901,4.0103866636023096
3.1182350253431865,2.2517318351921167
5.271090371926395,3.3419321738823147
3.5359746912901078,2.014031722118606
3.743710401322454,2.036661349703438
2.84026648046028,2.6879209122213363
5.018656834579277,3.4838732914357777
4.5970521313515755,1.9176921104969222
3.5246142139386087,3.537433913532129
4.150264508777475,2.2743013092987185
3.683606100009299,3.817069541959137
4.113896836444012,2.0447850593315096
3.2240094612335017,1.353657864581344
4.321923285704634,1.8890948290751124
3.53804702188002,3.923370389842433
5.669751755308397,2.0324595219577892
4.223900395240854,1.4725445505936223
3.8870743895312136,0.5511775241578247
4.625116471460923,3.35814387604315
3.4534078737490037,1.9656418426144866
4.893419650879503,3.5042882593209566
3.8141956949582116,1.7064755657371256
4.0827547225705105,1.4035897670040853
2.82531136045204,2.3919518419146293
3.878493213569444,2.106889137658577
5.210501302328536,2.0706629300882127
3.8779744807845917,3.7324641038874233
3.3364393890287465,0.679988035891582
3.9804065230817085,2.0081175623693293
5.216097113774857,2.661753713859968
3.6825494247764268,1.878554456581496
4.650033444464448,0.18500888376576174
4.05479125968454,1.9524841072309842
2.6151497310404035,2.7368039921740466
3.9758250370622648,1.9692000598793267
5.132764225540088,1.8912000639821491
2.2493383890691465,1.479284445712325
3.732181802467517,1.530958606790603
2.602645933118313,3.413071993145482
4.410321718050845,2.714237471844605
3.3892533316497033,2.244463694670091
3.5384896954462572,2.4059042788400142
4.483124677422232,1.5983281198208341
4.362277732380462,1.7178293957212603
2.213278226761428,0.9101740046737743
5.90662824748674,2.7931408353255516
5.340686278548314,3.170682697042989
4.447640686136354,1.2208205203053537
4.545748830031244,2.230721701520804
4.587455193026243,1.854742019217884
4.336187501775732,1.6387366850047214
3.8143366325922017,1.647004992467816
2.2412479232111204,1.7014139612112955
4.197952343547614,2.2497773604779483
5.51375595312723,2.394016761874279
2.766234112545601,1.3162703681555987
2.163142675808527,2.576419893893892
2.8809066733571855,1.7463526013752322
3.222405749111013,2.1009945722027945
4.501511987341242,0.8355083475067471
4.054536343896249,1.9770869623658134
5.3720148184896495,1.3237567820911929
3.5865565829211237,1.2798920117593167
3.5040149778686116,1.7719359842885096
2.6464439858541455,1.8370506748572273
2.8934339239859064,2.479856535734117
4.390198070371031,0.13090962087110336
3.9999951865996226,2.000449677382076
2.778385008955272,2.271585435467618
2.7053029380766898,2.1568614552444583
5.135860234884225,0.8752799757047607
4.340855588648912,3.2278592975433105
4.00225255333582,1.9935472221587567
3.5862297912741523,1.16725163803717
4.785673735489988,2.0295209380028245
3.4271363146303226,1.2513117112120185
4.321822349563337,4.031007018302356
5.027837874410597,1.064017789082845
4.587832714652952,0.25281466465057534
4.77816582031943,0.8220442209099199
4.076030746865026,1.07775470788247
3.7630248822079544,1.7533450543439741
3.5946690205561356,2.1486996658188704
4.093529859880036,1.734796344507476
2.752606696540578,2.2116793713987692
4.058939469278105,1.727875599411089
4.20130303454577,2.93553302623138
4.16385156281265,2.639703998198936
3.2204455334175126,1.4986096179122388
4.263203203081845,1.309664501868482
3.6234544098575965,2.1986851960385243
2.4336379128621006,2.5887805064738405
2.5036373098698093,2.998723788122715
2.9530342020416573,2.5251692533022183
3.793851405214267,1.3292530816764716
3.5314145436135265,1.0785181699208732
2.400568696617508,3.2481592723685866
2.9975068320029092,2.8558029967355734
4.261846927466934,0.11855430527982147
3.96294717870536,2.520564200537292
4.4789987084155705,2.3463690688291967
3.8969776775574343,2.101998519979282
4.608921744717762,0.7836428314096737
5.88754070357098,1.9891224402065302
4.0719180679475375,1.9257853594938952
3.8661460181106997,2.318406546555199
4.482582663123021,2.0823988405128278
4.014610479479095,2.0588431569310597
3.176938422545443,0.09015402483109813
5.356941710614489,2.301968700045658
4.463126482955936,2.7558901733536594
3.116911008174159,1.0240947977572268
4.262248516830336,2.127572359388211
3.4000947825455876,2.3851562123795627
4.413254592138568,3.6533123858126877
3.259633929286892,0.3544995983088577
3.844192284380668,2.427251867935119
3.9116464756397282,1.3345971906298861
3.5153896097082296,0.23349043046821616
3.3178999215423435,1.6201131563328426
4.737372863849862,2.9813940651959703
4.905159457958088,3.44455334260672
5.815151420244613,1.0359010938477147
-9.281867533351583,-7.134597335761095
-10.569227385060909,-0.43467765578214035
-10.357310710562219,0.13565247783736467
-5.763138721483054,-5.884541998838636
-7.490785922246263,1.38323173935549
-10.052324262719576,0.08962576390515009
-3.942477528698409,-4.224731381032267
-4.20371157109135,-3.0925669270642007
-10.312913283371353,0.351776366037587
-11.0574717803338,-0.8154614070490571
-0.06484939499910336,10.901758437448423
-1.340372409330048,12.527591613242704
-9.813163233431695,11.065066473953774
-1.7224964246530798,6.410913748227524
-9.151531643078776,12.906473974045777
-6.6639122835279245,5.962630722035263
-1.5834561362198536,6.727038237829898
-0.46878498405046365,9.130193630496102
-0.45730208086857704,9.900739471108375
-1.080817518994492,11.784226097104717
6.166348058549722,0.4039338261198888
1.5997642276073645,3.2242387380693023
4.926990204640962,4.600774196957612
6.4234975264712455,1.9338729824665135
6.150846682935045,1.7590170259295803
3.064053166812064,-0.05510036154040554
4.351843460976148,5.069157313952603
3.0565512910699115,4.56177543877387
2.4218129099116306,0.5725639408050314
3.037049003779261,4.078560658649369
